{"Mean Squared Error": 0.8529742009154531, "R2 Score": 0.14777269756718414}